Helios,Warszawa
Silver Screen,Krakow
Cinema City,Lodz
Multikino,Warszawa
Multikino,Lodz
Helios,Krakow
Silver Screen,Lodz
IMAX,Wroclaw
Silver Screen,Wroclaw
Helios,Krakow
Helios,Wroclaw
Cinema City,Lodz
Cinema City,Warszawa
Helios,Warszawa
Helios,Wroclaw
Multikino,Wroclaw
IMAX,Lodz
Silver Screen,Poznan
Cinema City,Warszawa
Multikino,Poznan
Cinema City,Wroclaw
Multikino,Wroclaw
Multikino,Wroclaw
IMAX,Warszawa
Multikino,Warszawa
Cinema City,Poznan
IMAX,Wroclaw
Helios,Poznan
Helios,Wroclaw
Cinema City,Lodz
IMAX,Warszawa
IMAX,Poznan
Multikino,Warszawa
Multikino,Warszawa
IMAX,Poznan
Silver Screen,Krakow
Helios,Warszawa
Silver Screen,Wroclaw
Helios,Wroclaw
IMAX,Wroclaw
Multikino,Wroclaw
Multikino,Krakow
Silver Screen,Wroclaw
Cinema City,Wroclaw
Cinema City,Warszawa
Silver Screen,Warszawa
IMAX,Poznan
IMAX,Krakow
IMAX,Krakow
Helios,Warszawa
Multikino,Poznan
IMAX,Krakow
Multikino,Wroclaw
Cinema City,Poznan
Cinema City,Lodz
Silver Screen,Poznan
Multikino,Poznan
Helios,Wroclaw
IMAX,Warszawa
Cinema City,Krakow
IMAX,Krakow
Silver Screen,Warszawa
IMAX,Lodz
IMAX,Warszawa
Helios,Lodz
Cinema City,Lodz
Helios,Wroclaw
Helios,Krakow
IMAX,Warszawa
IMAX,Poznan
Multikino,Krakow
Silver Screen,Poznan
Multikino,Wroclaw
Multikino,Lodz
Helios,Krakow
Multikino,Wroclaw
Helios,Lodz
Silver Screen,Krakow
Multikino,Lodz
IMAX,Wroclaw
Silver Screen,Lodz
Silver Screen,Krakow
Multikino,Warszawa
IMAX,Lodz
Multikino,Poznan
Multikino,Poznan
Cinema City,Krakow
Cinema City,Poznan
Multikino,Poznan
Helios,Lodz
Silver Screen,Warszawa
Cinema City,Krakow
Cinema City,Wroclaw
IMAX,Lodz
Cinema City,Poznan
Cinema City,Lodz
Helios,Wroclaw
Cinema City,Lodz
Silver Screen,Lodz
Cinema City,Warszawa
Silver Screen,Warszawa
Cinema City,Poznan
IMAX,Lodz
Cinema City,Lodz
Helios,Wroclaw
Helios,Lodz
Helios,Krakow
Multikino,Poznan
Cinema City,Poznan
Helios,Lodz
Cinema City,Poznan
Multikino,Krakow
Helios,Wroclaw
Helios,Wroclaw
Helios,Poznan
Cinema City,Warszawa
Helios,Krakow
Cinema City,Wroclaw
Cinema City,Wroclaw
Silver Screen,Poznan
Cinema City,Wroclaw
Multikino,Wroclaw
Helios,Poznan
IMAX,Krakow
Cinema City,Warszawa
Cinema City,Wroclaw
Cinema City,Wroclaw
IMAX,Wroclaw
Multikino,Wroclaw
Silver Screen,Poznan
Helios,Wroclaw
Silver Screen,Wroclaw
Cinema City,Poznan
Helios,Wroclaw
Cinema City,Lodz
Silver Screen,Lodz
Multikino,Krakow
Silver Screen,Poznan
Multikino,Warszawa
Silver Screen,Lodz
Cinema City,Poznan
Silver Screen,Lodz
Helios,Warszawa
IMAX,Krakow
Multikino,Warszawa
Helios,Wroclaw
IMAX,Warszawa
IMAX,Lodz
Cinema City,Wroclaw
Helios,Warszawa
Helios,Warszawa
Silver Screen,Krakow
Cinema City,Poznan
Cinema City,Krakow
Multikino,Krakow
IMAX,Poznan
Helios,Poznan
Multikino,Warszawa
Cinema City,Warszawa
Helios,Poznan
Cinema City,Warszawa
IMAX,Lodz
Multikino,Warszawa
Silver Screen,Wroclaw
Silver Screen,Warszawa
Multikino,Krakow
IMAX,Krakow
IMAX,Lodz
Silver Screen,Lodz
Silver Screen,Lodz
Helios,Krakow
Multikino,Warszawa
Silver Screen,Lodz
Helios,Warszawa
IMAX,Krakow
Multikino,Krakow
Silver Screen,Warszawa
Silver Screen,Lodz
Silver Screen,Warszawa
IMAX,Warszawa
Cinema City,Wroclaw
Silver Screen,Krakow
Helios,Krakow
Multikino,Lodz
IMAX,Krakow
IMAX,Poznan
Cinema City,Wroclaw
IMAX,Lodz
Silver Screen,Poznan
IMAX,Poznan
Silver Screen,Poznan
Cinema City,Wroclaw
Silver Screen,Warszawa
Multikino,Wroclaw
Silver Screen,Wroclaw
Silver Screen,Krakow
Cinema City,Poznan
Multikino,Krakow
IMAX,Krakow
Silver Screen,Lodz
IMAX,Lodz
Helios,Warszawa
Multikino,Warszawa
Multikino,Lodz
Multikino,Lodz
IMAX,Lodz
Cinema City,Krakow
Multikino,Krakow
Cinema City,Wroclaw
IMAX,Wroclaw
IMAX,Warszawa
IMAX,Warszawa
Cinema City,Krakow
Cinema City,Poznan
Multikino,Lodz
Helios,Wroclaw
Cinema City,Poznan
Cinema City,Poznan
Cinema City,Lodz
Cinema City,Lodz
IMAX,Krakow
Multikino,Krakow
Helios,Poznan
Silver Screen,Wroclaw
IMAX,Krakow
IMAX,Poznan
Cinema City,Warszawa
Multikino,Warszawa
Helios,Poznan
Helios,Wroclaw
Helios,Lodz
Cinema City,Lodz
IMAX,Lodz
Cinema City,Warszawa
Cinema City,Krakow
Cinema City,Warszawa
Silver Screen,Warszawa
Silver Screen,Krakow
Silver Screen,Lodz
Helios,Lodz
IMAX,Warszawa
Silver Screen,Krakow
Helios,Krakow
Silver Screen,Wroclaw
Cinema City,Wroclaw
Cinema City,Krakow
Multikino,Wroclaw
IMAX,Krakow
Helios,Wroclaw
IMAX,Warszawa
Silver Screen,Poznan
Silver Screen,Krakow
IMAX,Warszawa
Helios,Wroclaw
Multikino,Lodz
IMAX,Poznan
Cinema City,Poznan
Silver Screen,Poznan
Cinema City,Wroclaw
Helios,Wroclaw
Silver Screen,Lodz
Multikino,Poznan
Multikino,Warszawa
Cinema City,Warszawa
Cinema City,Lodz
Silver Screen,Poznan
Silver Screen,Krakow
IMAX,Poznan
IMAX,Wroclaw
Cinema City,Poznan
Cinema City,Poznan
IMAX,Lodz
Silver Screen,Warszawa
Cinema City,Wroclaw
Helios,Wroclaw
Helios,Lodz
Multikino,Wroclaw
Helios,Poznan
Helios,Lodz
Cinema City,Warszawa
Cinema City,Warszawa
Cinema City,Lodz
IMAX,Wroclaw
Helios,Krakow
IMAX,Poznan
Silver Screen,Warszawa
Silver Screen,Krakow
IMAX,Krakow
Cinema City,Poznan
Cinema City,Poznan
Cinema City,Lodz
Silver Screen,Krakow
Silver Screen,Lodz
Silver Screen,Warszawa
IMAX,Warszawa
Silver Screen,Warszawa
Silver Screen,Lodz
Multikino,Lodz
Silver Screen,Krakow
Multikino,Warszawa
Helios,Krakow
Multikino,Warszawa
IMAX,Wroclaw
IMAX,Poznan
Helios,Krakow
Helios,Lodz
Helios,Lodz
IMAX,Lodz
Multikino,Poznan
Multikino,Wroclaw
Helios,Poznan
Cinema City,Krakow
Cinema City,Wroclaw
Helios,Warszawa
Cinema City,Lodz
Cinema City,Lodz
IMAX,Poznan
Silver Screen,Lodz
IMAX,Poznan
Cinema City,Krakow
Multikino,Poznan
Silver Screen,Warszawa
IMAX,Lodz
Helios,Poznan
Cinema City,Poznan
IMAX,Lodz
Cinema City,Poznan
Silver Screen,Warszawa
Multikino,Krakow
Multikino,Wroclaw
Helios,Poznan
Multikino,Warszawa
Helios,Krakow
IMAX,Lodz
Silver Screen,Warszawa
Helios,Warszawa
Silver Screen,Poznan
Silver Screen,Poznan
IMAX,Warszawa
Helios,Lodz
Silver Screen,Wroclaw
Silver Screen,Wroclaw
Multikino,Wroclaw
Helios,Warszawa
Cinema City,Poznan
Cinema City,Warszawa
Cinema City,Wroclaw
Cinema City,Wroclaw
Helios,Poznan
Multikino,Krakow
Multikino,Lodz
Cinema City,Krakow
IMAX,Poznan
Cinema City,Lodz
Cinema City,Warszawa
Helios,Poznan
Cinema City,Wroclaw
Silver Screen,Warszawa
Cinema City,Wroclaw
IMAX,Warszawa
Cinema City,Wroclaw
Multikino,Krakow
Multikino,Wroclaw
Silver Screen,Warszawa
Helios,Lodz
Silver Screen,Wroclaw
Silver Screen,Warszawa
Silver Screen,Wroclaw
Silver Screen,Warszawa
Silver Screen,Lodz
Multikino,Warszawa
Multikino,Warszawa
Silver Screen,Poznan
Silver Screen,Lodz
Cinema City,Poznan
Silver Screen,Poznan
Silver Screen,Poznan
Silver Screen,Wroclaw
Multikino,Poznan
Multikino,Poznan
Multikino,Lodz
Helios,Krakow
Multikino,Krakow
Multikino,Warszawa
Cinema City,Krakow
Cinema City,Krakow
IMAX,Warszawa
Helios,Krakow
Multikino,Lodz
Multikino,Wroclaw
Silver Screen,Krakow
Helios,Krakow
IMAX,Warszawa
Helios,Lodz
IMAX,Warszawa
Helios,Lodz
IMAX,Warszawa
IMAX,Wroclaw
Silver Screen,Wroclaw
Cinema City,Poznan
Cinema City,Krakow
Silver Screen,Poznan
Multikino,Lodz
IMAX,Krakow
Silver Screen,Lodz
Helios,Warszawa
Cinema City,Wroclaw
Helios,Krakow
Silver Screen,Poznan
Helios,Lodz
Cinema City,Lodz
Cinema City,Warszawa
Silver Screen,Poznan
Helios,Wroclaw
Helios,Lodz
Cinema City,Lodz
IMAX,Warszawa
Silver Screen,Lodz
IMAX,Poznan
Cinema City,Krakow
Multikino,Wroclaw
Multikino,Poznan
Silver Screen,Poznan
Multikino,Krakow
Cinema City,Krakow
Silver Screen,Krakow
Cinema City,Krakow
Silver Screen,Krakow
Helios,Poznan
Multikino,Wroclaw
IMAX,Krakow
IMAX,Warszawa
IMAX,Wroclaw
Cinema City,Krakow
Multikino,Poznan
Silver Screen,Wroclaw
IMAX,Poznan
Cinema City,Wroclaw
IMAX,Lodz
IMAX,Poznan
IMAX,Wroclaw
Helios,Wroclaw
Helios,Poznan
IMAX,Krakow
Helios,Lodz
Cinema City,Wroclaw
Multikino,Lodz
Multikino,Wroclaw
Cinema City,Wroclaw
Silver Screen,Warszawa
IMAX,Poznan
IMAX,Wroclaw
IMAX,Poznan
Multikino,Krakow
Cinema City,Poznan
IMAX,Lodz
Silver Screen,Wroclaw
IMAX,Lodz
Helios,Warszawa
IMAX,Wroclaw
Silver Screen,Poznan
Cinema City,Lodz
Helios,Warszawa
Helios,Warszawa
Cinema City,Wroclaw
Silver Screen,Poznan
Multikino,Lodz
IMAX,Warszawa
Helios,Warszawa
Silver Screen,Lodz
Cinema City,Lodz
IMAX,Warszawa
IMAX,Wroclaw
Silver Screen,Poznan
IMAX,Wroclaw
Helios,Wroclaw
Silver Screen,Lodz
Multikino,Warszawa
IMAX,Warszawa
Multikino,Warszawa
Cinema City,Poznan
Helios,Wroclaw
Cinema City,Poznan
IMAX,Krakow
Cinema City,Wroclaw
Silver Screen,Warszawa
Silver Screen,Lodz
Silver Screen,Lodz
IMAX,Wroclaw
Multikino,Lodz
Multikino,Lodz
Cinema City,Lodz
Multikino,Wroclaw
IMAX,Krakow
Multikino,Warszawa
Silver Screen,Warszawa
Cinema City,Krakow
IMAX,Lodz
IMAX,Wroclaw
Cinema City,Wroclaw
IMAX,Lodz
Silver Screen,Poznan
Helios,Lodz
Multikino,Lodz
IMAX,Warszawa
IMAX,Poznan
Helios,Lodz
Cinema City,Wroclaw
Cinema City,Wroclaw
IMAX,Lodz
Multikino,Krakow
Multikino,Wroclaw
Helios,Warszawa
Multikino,Warszawa
Helios,Poznan
Silver Screen,Lodz
Silver Screen,Warszawa
Cinema City,Lodz
Silver Screen,Warszawa
IMAX,Warszawa
Cinema City,Warszawa
Cinema City,Poznan
Multikino,Lodz
Silver Screen,Lodz
Helios,Wroclaw
IMAX,Warszawa
Cinema City,Wroclaw
Multikino,Wroclaw
Multikino,Wroclaw
Cinema City,Warszawa
Silver Screen,Krakow
Multikino,Wroclaw
Silver Screen,Wroclaw
Cinema City,Wroclaw
Silver Screen,Wroclaw
IMAX,Warszawa
Multikino,Wroclaw
Silver Screen,Wroclaw
Silver Screen,Warszawa
Helios,Lodz
Helios,Poznan
Helios,Wroclaw
Cinema City,Krakow
Multikino,Wroclaw
Cinema City,Poznan
Helios,Warszawa
Helios,Lodz
Silver Screen,Poznan
Helios,Wroclaw
Multikino,Warszawa
IMAX,Krakow
Multikino,Lodz
Helios,Wroclaw
IMAX,Wroclaw
Silver Screen,Lodz
Helios,Lodz
Cinema City,Warszawa
IMAX,Wroclaw
Cinema City,Krakow
Cinema City,Krakow
IMAX,Wroclaw
Silver Screen,Lodz
Multikino,Warszawa
Silver Screen,Krakow
Cinema City,Poznan
Helios,Krakow
Helios,Wroclaw
Cinema City,Wroclaw
Silver Screen,Warszawa
Cinema City,Warszawa
Multikino,Poznan
Helios,Poznan
Cinema City,Poznan
Helios,Warszawa
Helios,Poznan
Cinema City,Poznan
Cinema City,Warszawa
Multikino,Wroclaw
Silver Screen,Krakow
Silver Screen,Warszawa
Helios,Poznan
Multikino,Krakow
Multikino,Warszawa
Multikino,Krakow
Silver Screen,Poznan
Helios,Wroclaw
Helios,Warszawa
Helios,Wroclaw
Helios,Warszawa
Multikino,Lodz
Silver Screen,Warszawa
IMAX,Poznan
Cinema City,Krakow
Silver Screen,Poznan
IMAX,Krakow
IMAX,Lodz
Helios,Warszawa
Helios,Poznan
Multikino,Krakow
Cinema City,Wroclaw
IMAX,Lodz
IMAX,Krakow
Helios,Lodz
Multikino,Warszawa
Cinema City,Lodz
Multikino,Lodz
Multikino,Krakow
Multikino,Wroclaw
IMAX,Lodz
Helios,Krakow
Cinema City,Wroclaw
Multikino,Poznan
Silver Screen,Warszawa
Silver Screen,Lodz
Multikino,Lodz
IMAX,Warszawa
Multikino,Wroclaw
IMAX,Lodz
Multikino,Wroclaw
IMAX,Poznan
Cinema City,Wroclaw
Helios,Warszawa
Silver Screen,Wroclaw
IMAX,Warszawa
Silver Screen,Poznan
Helios,Lodz
Helios,Wroclaw
IMAX,Lodz
Silver Screen,Warszawa
IMAX,Poznan
Helios,Wroclaw
IMAX,Warszawa
Cinema City,Poznan
Cinema City,Poznan
IMAX,Lodz
Multikino,Lodz
Multikino,Warszawa
Multikino,Poznan
Cinema City,Lodz
Cinema City,Krakow
Cinema City,Krakow
Multikino,Lodz
Cinema City,Warszawa
Helios,Lodz
IMAX,Krakow
Multikino,Poznan
Cinema City,Warszawa
IMAX,Lodz
Silver Screen,Lodz
IMAX,Wroclaw
Multikino,Lodz
Silver Screen,Lodz
Silver Screen,Warszawa
IMAX,Wroclaw
IMAX,Poznan
Silver Screen,Wroclaw
Multikino,Poznan
IMAX,Wroclaw
Multikino,Warszawa
Multikino,Wroclaw
Multikino,Lodz
Multikino,Lodz
IMAX,Lodz
Multikino,Warszawa
IMAX,Warszawa
Cinema City,Poznan
Silver Screen,Wroclaw
Multikino,Krakow
IMAX,Krakow
IMAX,Poznan
IMAX,Krakow
Silver Screen,Lodz
Silver Screen,Krakow
Multikino,Lodz
Silver Screen,Lodz
IMAX,Wroclaw
Helios,Poznan
IMAX,Lodz
Helios,Warszawa
Silver Screen,Poznan
IMAX,Wroclaw
Silver Screen,Krakow
Helios,Wroclaw
IMAX,Warszawa
Cinema City,Krakow
Multikino,Warszawa
Cinema City,Poznan
Silver Screen,Krakow
Helios,Lodz
Silver Screen,Krakow
Multikino,Wroclaw
Cinema City,Poznan
Multikino,Krakow
Multikino,Krakow
Silver Screen,Poznan
Cinema City,Lodz
Cinema City,Wroclaw
Multikino,Wroclaw
Multikino,Lodz
IMAX,Krakow
IMAX,Warszawa
Silver Screen,Lodz
Cinema City,Warszawa
Helios,Lodz
Silver Screen,Warszawa
Cinema City,Poznan
Cinema City,Krakow
Cinema City,Poznan
IMAX,Warszawa
IMAX,Wroclaw
Silver Screen,Krakow
Silver Screen,Lodz
Cinema City,Wroclaw
Cinema City,Wroclaw
Helios,Lodz
Cinema City,Wroclaw
Cinema City,Krakow
IMAX,Wroclaw
IMAX,Lodz
IMAX,Warszawa
Cinema City,Lodz
IMAX,Lodz
Helios,Warszawa
Multikino,Krakow
Silver Screen,Warszawa
IMAX,Poznan
Silver Screen,Warszawa
Cinema City,Wroclaw
Multikino,Krakow
IMAX,Lodz
Cinema City,Warszawa
Multikino,Poznan
IMAX,Wroclaw
Multikino,Warszawa
Silver Screen,Poznan
Multikino,Wroclaw
Helios,Warszawa
Helios,Wroclaw
Helios,Poznan
Cinema City,Warszawa
Silver Screen,Poznan
Helios,Wroclaw
Cinema City,Lodz
Silver Screen,Wroclaw
Cinema City,Lodz
Cinema City,Krakow
Helios,Krakow
Helios,Lodz
Silver Screen,Krakow
Helios,Krakow
Helios,Krakow
Multikino,Wroclaw
Silver Screen,Wroclaw
Multikino,Krakow
Cinema City,Warszawa
IMAX,Wroclaw
Helios,Poznan
Silver Screen,Warszawa
Silver Screen,Poznan
Helios,Krakow
Multikino,Poznan
Multikino,Lodz
Multikino,Poznan
Silver Screen,Warszawa
Cinema City,Lodz
Helios,Wroclaw
Multikino,Krakow
Helios,Krakow
IMAX,Krakow
Multikino,Warszawa
Cinema City,Wroclaw
Silver Screen,Warszawa
Cinema City,Lodz
Silver Screen,Warszawa
IMAX,Poznan
Silver Screen,Lodz
Helios,Lodz
IMAX,Poznan
Multikino,Wroclaw
Helios,Wroclaw
IMAX,Krakow
IMAX,Lodz
IMAX,Lodz
Multikino,Warszawa
Helios,Wroclaw
Cinema City,Poznan
Multikino,Lodz
Multikino,Warszawa
IMAX,Warszawa
Multikino,Lodz
Cinema City,Warszawa
IMAX,Wroclaw
Cinema City,Lodz
Helios,Warszawa
Silver Screen,Lodz
Cinema City,Krakow
Cinema City,Lodz
IMAX,Lodz
Silver Screen,Krakow
Silver Screen,Lodz
